<M>daum</M><N>20</N><H><![CDATA[다음 만화속세상]]></H><D><![CDATA[http://m.webtoon.daum.net/m/webtoon/viewer/$no]]></D><O><![CDATA[http://i1.cartoon.daumcdn.net/svc/image/U03/cartoon/]]></O><R>594</R><F>2</F><LOCAL_LST_UPD_DH>20150201232651</LOCAL_LST_UPD_DH><M>naver</M><N>10</N><H><![CDATA[네이버 웹툰]]></H><D><![CDATA[http://m.comic.naver.com/webtoon/detail.nhn?titleId=$cid&no=$no]]></D><O><![CDATA[http://thumb.comic.naver.net/webtoon/$cid/$no/inst_thumbnail_]]></O><R>453</R><F>2</F><LOCAL_LST_UPD_DH>20150201233013</LOCAL_LST_UPD_DH><M>nate</M><N>30</N><H><![CDATA[네이트 만화]]></H><D><![CDATA[http://m.comics.nate.com/view/show?order=up&btno=$cid&bsno=$no]]></D><O><![CDATA[http://crayondata.cyworld.com/img_toon/$no_w.jpg]]></O><R>123</R><F>2</F><LOCAL_LST_UPD_DH>20150201005739</LOCAL_LST_UPD_DH><M>stoo</M><N>40</N><H><![CDATA[스포츠투데이]]></H><D><![CDATA[]]></D><O><![CDATA[]]></O><R>0</R><F>1</F><LOCAL_LST_UPD_DH></LOCAL_LST_UPD_DH><M>olleh</M><N>35</N><H><![CDATA[올레마켓 웹툰]]></H><D><![CDATA[http://m.webtoon.olleh.com/toon/timesDetail.kt?webtoonseq=$cid&timesseq=$no]]></D><O><![CDATA[http://webtoonimg.kthcorp.com/download/thumb/]]></O><R>101</R><F>1</F><LOCAL_LST_UPD_DH>20150201005754</LOCAL_LST_UPD_DH><M>daum_l</M><N>50</N><H><![CDATA[다음 웹툰 리그]]></H><D><![CDATA[http://m.webtoon.daum.net/m/league/viewer/$no]]></D><O><![CDATA[http://i1.cartoon.daumcdn.net/svc/image/U03/cartoon/]]></O><R>5388</R><F>2</F><LOCAL_LST_UPD_DH>20150201232809</LOCAL_LST_UPD_DH><M>naver_b</M><N>40</N><H><![CDATA[네이버 베스트 도전]]></H><D><![CDATA[http://m.comic.naver.com/bestChallenge/detail.nhn?titleId=$cid&no=$no]]></D><O><![CDATA[http://thumb.comic.naver.net/nas/user_contents_data/challenge_comic/]]></O><R>1752</R><F>2</F><LOCAL_LST_UPD_DH>20150201233442</LOCAL_LST_UPD_DH><M>naver_d</M><N>60</N><H><![CDATA[네이버 도전 만화]]></H><D><![CDATA[http://comic.naver.com/challenge/detail.nhn?titleId=$cid&no=$no]]></D><O><![CDATA[http://thumb.comic.naver.net/nas/user_contents_data/challenge_comic/]]></O><R>0</R><F>1</F><LOCAL_LST_UPD_DH></LOCAL_LST_UPD_DH><M>kakao</M><N>35</N><H><![CDATA[카카오 페이지 웹툰]]></H><D><![CDATA[http://page.kakao.com/viewer?productId=$no]]></D><O><![CDATA[http://dn-img-page.kakao.com/download/resource?kid=]]></O><R>94</R><F>4</F><LOCAL_LST_UPD_DH>20150201224048</LOCAL_LST_UPD_DH><M>tstore</M><N>35</N><H><![CDATA[Tstore 웹툰]]></H><D><![CDATA[http://m.tstore.co.kr/mobilepoc/webtoon/webtoonDetail.omp?prodId=$no]]></D><O><![CDATA[http://img.tstore.co.kr/thumbnails/img_sac/131_86_F20_100/data]]></O><R>91</R><F></F><LOCAL_LST_UPD_DH>20150201103634</LOCAL_LST_UPD_DH>