<M>daum</M><N>20</N><H><![CDATA[다음]]></H><D><![CDATA[http://m.webtoon.daum.net/m/webtoon/viewer/$no]]></D><O><![CDATA[http://i1.cartoon.daumcdn.net/svc/image/U03/cartoon/]]></O><F>2</F><LOCAL_LST_UPD_DH>20141228140755</LOCAL_LST_UPD_DH><M>naver</M><N>10</N><H><![CDATA[네이버]]></H><D><![CDATA[http://m.comic.naver.com/webtoon/detail.nhn?titleId=$cid&no=$no]]></D><O><![CDATA[http://thumb.comic.naver.net/webtoon/$cid/$no/inst_thumbnail_]]></O><F>2</F><LOCAL_LST_UPD_DH>20141228232308</LOCAL_LST_UPD_DH><M>nate</M><N>30</N><H><![CDATA[네이트]]></H><D><![CDATA[http://m.comics.nate.com/view/show?order=up&btno=$cid&bsno=$no]]></D><O><![CDATA[http://crayondata.cyworld.com/img_toon/$no_w.jpg]]></O><F>2</F><LOCAL_LST_UPD_DH>20141228075615</LOCAL_LST_UPD_DH><M>stoo</M><N>40</N><H><![CDATA[스포츠투데이]]></H><D><![CDATA[]]></D><O><![CDATA[]]></O><F>1</F><LOCAL_LST_UPD_DH></LOCAL_LST_UPD_DH><M>olleh</M><N>50</N><H><![CDATA[올레마켓]]></H><D><![CDATA[]]></D><O><![CDATA[]]></O><F>1</F><LOCAL_LST_UPD_DH></LOCAL_LST_UPD_DH><M>daum_l</M><N>50</N><H><![CDATA[다음 웹툰 리그]]></H><D><![CDATA[http://m.webtoon.daum.net/m/league/viewer/$no]]></D><O><![CDATA[http://i1.cartoon.daumcdn.net/svc/image/U03/cartoon/]]></O><F>2</F><LOCAL_LST_UPD_DH>20141228232034</LOCAL_LST_UPD_DH><M>naver_b</M><N>40</N><H><![CDATA[네이버 베스트 도전]]></H><D><![CDATA[http://m.comic.naver.com/bestChallenge/detail.nhn?titleId=$cid&no=$no]]></D><O><![CDATA[http://thumb.comic.naver.net/nas/user_contents_data/challenge_comic/]]></O><F>2</F><LOCAL_LST_UPD_DH>20141228232300</LOCAL_LST_UPD_DH><M>naver_d</M><N>60</N><H><![CDATA[네이버 도전 만화]]></H><D><![CDATA[http://comic.naver.com/challenge/detail.nhn?titleId=$cid&no=$no]]></D><O><![CDATA[http://thumb.comic.naver.net/nas/user_contents_data/challenge_comic/]]></O><F>1</F><LOCAL_LST_UPD_DH></LOCAL_LST_UPD_DH><M>kakao</M><N>35</N><H><![CDATA[카카오웹툰]]></H><D><![CDATA[http://page.kakao.com/viewer?productId=$no]]></D><O><![CDATA[http://dn-img-page.kakao.com/download/resource?kid=]]></O><F>4</F><LOCAL_LST_UPD_DH>20141228232141</LOCAL_LST_UPD_DH>