<M>daum</M><N>20</N><H><![CDATA[다음 만화속세상]]></H><D><![CDATA[http://m.webtoon.daum.net/m/webtoon/viewer/$no]]></D><O><![CDATA[http://i1.cartoon.daumcdn.net/svc/image/U03/cartoon/]]></O><R>701</R><F>2</F><LOCAL_LST_UPD_DH>20160102001517</LOCAL_LST_UPD_DH><M>naver</M><N>10</N><H><![CDATA[네이버 웹툰]]></H><D><![CDATA[http://m.comic.naver.com/webtoon/detail.nhn?titleId=$cid&no=$no]]></D><O><![CDATA[http://thumb.comic.naver.net/webtoon/$cid/$no/inst_thumbnail_]]></O><R>550</R><F>2</F><LOCAL_LST_UPD_DH>20160102001221</LOCAL_LST_UPD_DH><M>nate</M><N>30</N><H><![CDATA[네이트 만화]]></H><D><![CDATA[http://m.comics.nate.com/view/show?order=up&btno=$cid&bsno=$no]]></D><O><![CDATA[http://crayondata.nate.com/img_toon/$no_w.jpg]]></O><R>123</R><F>2</F><LOCAL_LST_UPD_DH>20160101000830</LOCAL_LST_UPD_DH><M>foxtoon_d</M><N>70</N><H><![CDATA[폭스툰 도전]]></H><D><![CDATA[http://www.foxtoon.com/challenge/comic/$cid/$no]]></D><O><![CDATA[http://www.foxtoon.com/challenge_comics/$cid/episode/$no/th]]></O><R>566</R><F>10</F><LOCAL_LST_UPD_DH>20160102012709</LOCAL_LST_UPD_DH><M>olleh</M><N>35</N><H><![CDATA[올레마켓 웹툰]]></H><D><![CDATA[http://m.webtoon.olleh.com/toon/timesDetail.kt?webtoonseq=$cid&timesseq=$no]]></D><O><![CDATA[http://webtoonimg.kthcorp.com/download/thumb/]]></O><R>202</R><F>1</F><LOCAL_LST_UPD_DH>20160102001355</LOCAL_LST_UPD_DH><M>daum_l</M><N>50</N><H><![CDATA[다음 웹툰 리그]]></H><D><![CDATA[http://m.webtoon.daum.net/m/league/viewer/$no]]></D><O><![CDATA[http://i1.cartoon.daumcdn.net/svc/image/U03/cartoon/]]></O><R>6571</R><F>2</F><LOCAL_LST_UPD_DH>20160102004359</LOCAL_LST_UPD_DH><M>naver_b</M><N>40</N><H><![CDATA[네이버 베스트 도전]]></H><D><![CDATA[http://m.comic.naver.com/bestChallenge/detail.nhn?titleId=$cid&no=$no]]></D><O><![CDATA[http://thumb.comic.naver.net/nas/user_contents_data/challenge_comic/]]></O><R>1928</R><F>8</F><LOCAL_LST_UPD_DH>20160102021228</LOCAL_LST_UPD_DH><M>kakao</M><N>35</N><H><![CDATA[카카오 페이지 웹툰]]></H><D><![CDATA[http://page.kakao.com/viewer?productId=$no]]></D><O><![CDATA[http://dn-img-page.kakao.com/download/resource?kid=]]></O><R>124</R><F>4</F><LOCAL_LST_UPD_DH>20160102001357</LOCAL_LST_UPD_DH><M>tstore</M><N>35</N><H><![CDATA[Tstore 웹툰]]></H><D><![CDATA[http://m.tstore.co.kr/mobilepoc/webtoon/webtoonDetail.omp?prodId=$no]]></D><O><![CDATA[http://img.tstore.co.kr/thumbnails/img_sac/122_122_F20_95/data]]></O><R>171</R><F>4</F><LOCAL_LST_UPD_DH>20160102000137</LOCAL_LST_UPD_DH><M>ttale</M><N>38</N><H><![CDATA[T,TALE 스페셜 웹툰]]></H><D><![CDATA[http://ttale.com/?m=SPWebtoon&page=view&pid=$cid&sid=$no]]></D><O><![CDATA[http://sp-cdn.ttale.com/$cid_pr_$no_sr_th_0]]></O><R>55</R><F>5</F><LOCAL_LST_UPD_DH>20160101000204</LOCAL_LST_UPD_DH><M>lezhin</M><N>38</N><H><![CDATA[LEZHIN COMICS]]></H><D><![CDATA[http://www.lezhin.com/comic/$cid/$no]]></D><O><![CDATA[http://cdn.lezhin.com/episodes/$cid/$no/banners/1]]></O><R>1674</R><F>5</F><LOCAL_LST_UPD_DH>20160102001230</LOCAL_LST_UPD_DH><M>foxtoon</M><N>37</N><H><![CDATA[폭스툰]]></H><D><![CDATA[http://www.foxtoon.com/comic/$cid/$no]]></D><O><![CDATA[http://www.foxtoon.com/comics/$cid/episode/$no/th/?width=600&rsv=1&cached.jpg]]></O><R>44</R><F>6</F><LOCAL_LST_UPD_DH>20160102001228</LOCAL_LST_UPD_DH><M>daum_s</M><N>65</N><H><![CDATA[다음 스포츠]]></H><D><![CDATA[http://1boon.kakao.com/$cid/$no]]></D><O><![CDATA[http://t1.daumcdn.net/news/20]]></O><R>9</R><F>11</F><LOCAL_LST_UPD_DH>20160102012827</LOCAL_LST_UPD_DH>