<K>NOTI</K><H>공지사항</H><I>LINK</I><L><![CDATA[http://m.cafe.naver.com/ArticleList.nhn?search.clubid=27225466&search.menuid=5&search.boardtype=L]]></L><J></J><N>10</N><F>1</F><K>SVR_LIST_04</K><H></H><I>svrList</I><L><![CDATA[http://toontaku.dothome.co.kr/toontaku/]]></L><J></J><N>100</N><F>1</F><K>SVR_LIST_01</K><H></H><I>svrList</I><L><![CDATA[http://anglab.dothome.co.kr/toontaku/]]></L><J></J><N>110</N><F>1</F><K>SVR_LIST_02</K><H></H><I>svrList</I><L><![CDATA[http://kyusiks.dothome.co.kr/toontaku/]]></L><J></J><N>120</N><F>1</F><K>SVR_LIST_03</K><H></H><I>svrList</I><L><![CDATA[http://toontaku.dothome.co.kr/toontaku/]]></L><J><![CDATA[http://anglab.url.ph/toontaku/]]></J><N>130</N><F>1</F><K>QNA</K><H>게시판</H><I>LINK</I><L><![CDATA[http://m.cafe.naver.com/ArticleList.nhn?search.clubid=27225466&search.menuid=13&search.boardtype=L]]></L><J></J><N>20</N><F>1</F><K>UNSEEN_SORT_YN</K><H>못본작품 우선 정렬하기</H><I>CheckBox</I><L><![CDATA[N]]></L><J></J><N>30</N><F>1</F><K>COMP_SORT_YN</K><H>완결작품 뒷쪽에 정렬하기</H><I>CheckBox</I><L><![CDATA[Y]]></L><J></J><N>40</N><F>1</F><K>THUMB_YN</K><H>썸네일보기</H><I>CheckBox</I><L><![CDATA[Y]]></L><J></J><N>50</N><F>1</F><K>NAV_HIDDEN</K><H>내비게이션바 숨기기</H><I>CheckBox</I><L><![CDATA[N]]></L><J></J><N>60</N><F>1</F><K>REVIEW</K><H>리뷰남기기</H><I>LINK</I><L><![CDATA[https://play.google.com/store/apps/details?id=com.anglab.toontaku]]></L><J></J><N>70</N><F>1</F><K>DONATION</K><H>후원하기</H><I>donation</I><L></L><J><![CDATA[감사합니다! 여러분의 사랑과 후원으로 조금씩 자라나고 있어요.\n\n든든한 후원자가 되어주세요!\n\n(후원금액은 다음 단계에서 선택하실 수 있어요.)]]></J><N>80</N><F>1</F><K>BACKUP</K><H>[내가 보는 웹툰] 백업/복원</H><I>function</I><L></L><J></J><N>90</N><F>1</F><K>DB_CLEAR</K><H>[내가 보는 웹툰] 초기화하기</H><I>function</I><L></L><J></J><N>95</N><F>1</F>