<M>daum</M><N>1020</N><H><![CDATA[다음 만화속세상]]></H><D><![CDATA[http://m.webtoon.daum.net/m/webtoon/viewer/$no]]></D><O><![CDATA[http://i1.cartoon.daumcdn.net/svc/image/U03/cartoon/]]></O><R>752</R><F>1</F><LOCAL_LST_UPD_DH>20160808135118</LOCAL_LST_UPD_DH><M>naver</M><N>1010</N><H><![CDATA[네이버 웹툰]]></H><D><![CDATA[http://m.comic.naver.com/webtoon/detail.nhn?titleId=$cid&no=$no]]></D><O><![CDATA[http://thumb.comic.naver.net/webtoon/$cid/$no/inst_thumbnail_]]></O><R>609</R><F>1</F><LOCAL_LST_UPD_DH>20160808233706</LOCAL_LST_UPD_DH><M>nate</M><N>1030</N><H><![CDATA[네이트 만화]]></H><D><![CDATA[http://m.comics.nate.com/view/show?order=up&btno=$cid&bsno=$no]]></D><O><![CDATA[http://crayondata.nate.com/img_toon/$no_w.jpg]]></O><R>123</R><F>1</F><LOCAL_LST_UPD_DH>20160725001739</LOCAL_LST_UPD_DH><M>foxtoon_d</M><N>1160</N><H><![CDATA[폭스툰 도전]]></H><D><![CDATA[http://www.foxtoon.com/challenge/comic/$cid/$no]]></D><O><![CDATA[http://cdn.foxtoon.com/challenge_comics/$cid/episode/$no/th/?width=300]]></O><R>1130</R><F>1</F><LOCAL_LST_UPD_DH>20160808234349</LOCAL_LST_UPD_DH><M>olleh</M><N>1100</N><H><![CDATA[올레마켓 웹툰]]></H><D><![CDATA[http://m.webtoon.olleh.com/toon/timesDetail.kt?webtoonseq=$cid&timesseq=$no]]></D><O><![CDATA[http://webtoonimg.kthcorp.com/download/thumb/]]></O><R>665</R><F>1</F><LOCAL_LST_UPD_DH>20160808160724</LOCAL_LST_UPD_DH><M>battlec_d</M><N>1150</N><H><![CDATA[배틀코믹스 도전만화]]></H><D><![CDATA[http://www.battlecomics.co.kr/challenge/webtoons/$cid/episodes/$no]]></D><O><![CDATA[http://images.battlecomics.co.kr/challenge_webtoon/$cid/episode/]]></O><R>261</R><F>1</F><LOCAL_LST_UPD_DH>20160808234306</LOCAL_LST_UPD_DH><M>daum_l</M><N>1140</N><H><![CDATA[다음 웹툰 리그]]></H><D><![CDATA[http://m.webtoon.daum.net/m/league/viewer/$no]]></D><O><![CDATA[http://i1.cartoon.daumcdn.net/svc/image/U03/cartoon/]]></O><R>7444</R><F>1</F><LOCAL_LST_UPD_DH>20160808223751</LOCAL_LST_UPD_DH><M>naver_b</M><N>1130</N><H><![CDATA[네이버 베스트 도전]]></H><D><![CDATA[http://m.comic.naver.com/bestChallenge/detail.nhn?titleId=$cid&no=$no]]></D><O><![CDATA[http://thumb.comic.naver.net/nas/user_contents_data/challenge_comic/]]></O><R>2028</R><F>1</F><LOCAL_LST_UPD_DH>20160808234925</LOCAL_LST_UPD_DH><M>kakao</M><N>1040</N><H><![CDATA[카카오 페이지 웹툰]]></H><D><![CDATA[http://page.kakao.com/viewer?productId=$no]]></D><O><![CDATA[http://dn-img-page.kakao.com/download/resource?kid=]]></O><R>163</R><F>1</F><LOCAL_LST_UPD_DH>20160808233706</LOCAL_LST_UPD_DH><M>tstore</M><N>1090</N><H><![CDATA[One store 웹툰]]></H><D><![CDATA[http://m.tstore.co.kr/mobilepoc/webtoon/webtoonDetail.omp?prodId=$no]]></D><O><![CDATA[http://img.onestore.co.kr/thumbnails/img_sac/122_122_F20_95/data]]></O><R>191</R><F>1</F><LOCAL_LST_UPD_DH>20160808085920</LOCAL_LST_UPD_DH><M>lezhin</M><N>1050</N><H><![CDATA[LEZHIN COMICS]]></H><D><![CDATA[http://www.lezhin.com/comic/$cid/$no]]></D><O><![CDATA[http://cdn.lezhin.com/episodes/$cid/$no/banners/1]]></O><R>2222</R><F>1</F><LOCAL_LST_UPD_DH>20160808232339</LOCAL_LST_UPD_DH><M>foxtoon</M><N>1070</N><H><![CDATA[폭스툰]]></H><D><![CDATA[http://www.foxtoon.com/comic/$cid/$no]]></D><O><![CDATA[http://cdn.foxtoon.com/comics/$cid/episode/$no/th/?width=300]]></O><R>68</R><F>1</F><LOCAL_LST_UPD_DH>20160808233934</LOCAL_LST_UPD_DH><M>battlec</M><N>1060</N><H><![CDATA[배틀코믹스]]></H><D><![CDATA[http://www.battlecomics.co.kr/webtoons/$cid/episodes/$no]]></D><O><![CDATA[http://images.battlecomics.co.kr/webtoon/$cid/episode/$no/thumbnail/thumbnail-webtoonid_$cid-episodeid_$no-w_280-h_200-t_]]></O><R>150</R><F>1</F><LOCAL_LST_UPD_DH>20160808234221</LOCAL_LST_UPD_DH><M>daum_s</M><N>1110</N><H><![CDATA[다음 스포츠]]></H><D><![CDATA[http://1boon.kakao.com/$cid/$no]]></D><O><![CDATA[http://t1.daumcdn.net/news/20]]></O><R>10</R><F>1</F><LOCAL_LST_UPD_DH>20160808234552</LOCAL_LST_UPD_DH><M>comiccube</M><N>1080</N><H><![CDATA[코믹큐브]]></H><D><![CDATA[http://www.bookcube.com/toon/viewer/viewer.asp?webtoon_num=$cid&split_num=$no]]></D><O><![CDATA[http://webtoonimg.bookcube.com/640/$cid$no.jpg]]></O><R>159</R><F>1</F><LOCAL_LST_UPD_DH>20160808233514</LOCAL_LST_UPD_DH>