<M>daum</M><N>20</N><H><![CDATA[다음 만화속세상]]></H><D><![CDATA[http://m.webtoon.daum.net/m/webtoon/viewer/$no]]></D><O><![CDATA[http://i1.cartoon.daumcdn.net/svc/image/U03/cartoon/]]></O><R>695</R><F>2</F><LOCAL_LST_UPD_DH>20151201223821</LOCAL_LST_UPD_DH><M>naver</M><N>10</N><H><![CDATA[네이버 웹툰]]></H><D><![CDATA[http://m.comic.naver.com/webtoon/detail.nhn?titleId=$cid&no=$no]]></D><O><![CDATA[http://thumb.comic.naver.net/webtoon/$cid/$no/inst_thumbnail_]]></O><R>537</R><F>2</F><LOCAL_LST_UPD_DH>20151201222717</LOCAL_LST_UPD_DH><M>nate</M><N>30</N><H><![CDATA[네이트 만화]]></H><D><![CDATA[http://m.comics.nate.com/view/show?order=up&btno=$cid&bsno=$no]]></D><O><![CDATA[http://crayondata.nate.com/img_toon/$no_w.jpg]]></O><R>123</R><F>2</F><LOCAL_LST_UPD_DH>20151201222720</LOCAL_LST_UPD_DH><M>foxtoon_d</M><N>70</N><H><![CDATA[폭스툰 도전]]></H><D><![CDATA[http://www.foxtoon.com/challenge/comic/$cid/$no]]></D><O><![CDATA[http://www.foxtoon.com/challenge_comics/$cid/episode/$no/th]]></O><R>496</R><F>10</F><LOCAL_LST_UPD_DH>20151201224103</LOCAL_LST_UPD_DH><M>olleh</M><N>35</N><H><![CDATA[올레마켓 웹툰]]></H><D><![CDATA[http://m.webtoon.olleh.com/toon/timesDetail.kt?webtoonseq=$cid&timesseq=$no]]></D><O><![CDATA[http://webtoonimg.kthcorp.com/download/thumb/]]></O><R>202</R><F>1</F><LOCAL_LST_UPD_DH>20151201222909</LOCAL_LST_UPD_DH><M>daum_l</M><N>50</N><H><![CDATA[다음 웹툰 리그]]></H><D><![CDATA[http://m.webtoon.daum.net/m/league/viewer/$no]]></D><O><![CDATA[http://i1.cartoon.daumcdn.net/svc/image/U03/cartoon/]]></O><R>7022</R><F>2</F><LOCAL_LST_UPD_DH>20151201230505</LOCAL_LST_UPD_DH><M>naver_b</M><N>40</N><H><![CDATA[네이버 베스트 도전]]></H><D><![CDATA[http://m.comic.naver.com/bestChallenge/detail.nhn?titleId=$cid&no=$no]]></D><O><![CDATA[http://thumb.comic.naver.net/nas/user_contents_data/challenge_comic/]]></O><R>1905</R><F>8</F><LOCAL_LST_UPD_DH>20151201224331</LOCAL_LST_UPD_DH><M>kakao</M><N>35</N><H><![CDATA[카카오 페이지 웹툰]]></H><D><![CDATA[http://page.kakao.com/viewer?productId=$no]]></D><O><![CDATA[http://dn-img-page.kakao.com/download/resource?kid=]]></O><R>118</R><F>4</F><LOCAL_LST_UPD_DH>20151201222737</LOCAL_LST_UPD_DH><M>tstore</M><N>35</N><H><![CDATA[Tstore 웹툰]]></H><D><![CDATA[http://m.tstore.co.kr/mobilepoc/webtoon/webtoonDetail.omp?prodId=$no]]></D><O><![CDATA[http://img.tstore.co.kr/thumbnails/img_sac/122_122_F20_95/data]]></O><R>163</R><F>4</F><LOCAL_LST_UPD_DH>20151201222913</LOCAL_LST_UPD_DH><M>ttale</M><N>38</N><H><![CDATA[T,TALE 스페셜 웹툰]]></H><D><![CDATA[http://ttale.com/?m=SPWebtoon&page=view&pid=$cid&sid=$no]]></D><O><![CDATA[http://sp-cdn.ttale.com/$cid_pr_$no_sr_th_0]]></O><R>55</R><F>5</F><LOCAL_LST_UPD_DH>20151129162256</LOCAL_LST_UPD_DH><M>lezhin</M><N>38</N><H><![CDATA[LEZHIN COMICS]]></H><D><![CDATA[http://www.lezhin.com/comic/$cid/$no]]></D><O><![CDATA[http://cdn.lezhin.com/episodes/$cid/$no/banners/1]]></O><R>1542</R><F>5</F><LOCAL_LST_UPD_DH>20151201223656</LOCAL_LST_UPD_DH><M>foxtoon</M><N>37</N><H><![CDATA[폭스툰]]></H><D><![CDATA[http://www.foxtoon.com/comic/$cid/$no]]></D><O><![CDATA[http://www.foxtoon.com/comics/$cid/episode/$no/th/?width=600&rsv=1&cached.jpg]]></O><R>36</R><F>6</F><LOCAL_LST_UPD_DH>20151201222937</LOCAL_LST_UPD_DH>